msgid,groupid,arrival
100053382,21254,2026-06-22 14:24:06.000000
100053382,253565,2026-06-22 14:24:06.000000
103757585,21560,2026-06-22 14:24:38.000000
104370684,21250,2026-06-22 14:25:26.000000
104370684,21256,2026-06-22 14:25:26.000000
104370684,21347,2026-06-22 14:25:26.000000
104370684,21516,2026-06-22 14:25:26.000000
104370684,126551,2026-06-22 14:25:26.000000
104370684,386145,2026-06-22 14:25:26.000000
104370684,451496,2026-06-22 14:25:26.000000
104370684,522783,2026-06-22 14:25:26.000000
105537593,21256,2026-06-22 14:25:52.000000
105537593,21317,2026-06-22 14:25:52.000000
105537593,21694,2026-06-22 14:25:52.000000
105537593,451496,2026-06-22 14:25:52.000000
106268723,21256,2026-06-22 14:25:56.000000
106268723,21317,2026-06-22 14:25:56.000000
106268723,21694,2026-06-22 14:25:56.000000
106268723,451496,2026-06-22 14:25:56.000000
106767008,21256,2026-06-22 14:26:07.000000
106767008,21317,2026-06-22 14:26:07.000000
106767008,21694,2026-06-22 14:26:07.000000
106767008,451496,2026-06-22 14:26:07.000000
108138116,21256,2026-06-22 14:26:16.000000
108138116,21317,2026-06-22 14:26:16.000000
108138116,21694,2026-06-22 14:26:16.000000
108138116,451496,2026-06-22 14:26:16.000000
108496442,21235,2026-06-22 14:26:22.000000
108496442,21256,2026-06-22 14:26:22.000000
108496442,21317,2026-06-22 14:26:22.000000
108496442,21671,2026-06-22 14:26:22.000000
108496442,21694,2026-06-22 14:26:22.000000
108496442,451496,2026-06-22 14:26:22.000000
108496442,522783,2026-06-22 14:26:22.000000
108774236,21244,2026-06-22 14:26:44.000000
108774236,21349,2026-06-22 14:26:44.000000
108774236,21370,2026-06-22 14:26:44.000000
108774236,21541,2026-06-22 14:26:44.000000
108774236,21592,2026-06-22 14:26:44.000000
108774236,21631,2026-06-22 14:26:44.000000
108774236,28904,2026-06-22 14:26:44.000000
108774236,515852,2026-06-22 14:26:44.000000
108774236,522815,2026-06-22 14:26:44.000000
108774236,522942,2026-06-22 14:26:44.000000
109107386,21560,2026-06-22 14:26:45.000000
109390203,21240,2026-06-22 14:26:50.000000
109390203,21275,2026-06-22 14:26:50.000000
109390203,21296,2026-06-22 14:26:50.000000
109390203,21342,2026-06-22 14:26:50.000000
109390203,21429,2026-06-22 14:26:50.000000
109390203,21453,2026-06-22 14:26:50.000000
109390203,21471,2026-06-22 14:26:50.000000
109390203,21554,2026-06-22 14:26:50.000000
109390203,21707,2026-06-22 14:26:50.000000
109390203,386071,2026-06-22 14:26:50.000000
109390203,522789,2026-06-22 14:26:50.000000
109417179,21323,2026-06-22 14:27:04.000000
109417179,21454,2026-06-22 14:27:04.000000
109417179,21456,2026-06-22 14:27:04.000000
109417179,21504,2026-06-22 14:27:04.000000
109417179,21516,2026-06-22 14:27:04.000000
109417179,21529,2026-06-22 14:27:04.000000
109417179,21590,2026-06-22 14:27:04.000000
109417179,21623,2026-06-22 14:27:04.000000
109417179,21685,2026-06-22 14:27:04.000000
109417179,126551,2026-06-22 14:27:04.000000
109417179,386072,2026-06-22 14:27:04.000000
109417179,386145,2026-06-22 14:27:04.000000
109417179,395398,2026-06-22 14:27:04.000000
109417179,407623,2026-06-22 14:27:04.000000
109417179,435173,2026-06-22 14:27:04.000000
109631772,21283,2026-06-22 14:27:21.000000
109631772,21311,2026-06-22 14:27:21.000000
109631772,21331,2026-06-22 14:27:21.000000
109631772,21406,2026-06-22 14:27:21.000000
109631772,21526,2026-06-22 14:27:21.000000
109631772,21607,2026-06-22 14:27:21.000000
109631772,126626,2026-06-22 14:27:21.000000
109631772,126686,2026-06-22 14:27:21.000000
109631772,126713,2026-06-22 14:27:21.000000
109631772,126719,2026-06-22 14:27:21.000000
109631772,126734,2026-06-22 14:27:21.000000
109631772,253463,2026-06-22 14:27:21.000000
109631772,507537,2026-06-22 14:27:21.000000
109631772,522830,2026-06-22 14:27:21.000000
109631772,522833,2026-06-22 14:27:21.000000
109685199,21350,2026-06-22 14:27:29.000000
109685199,21449,2026-06-22 14:27:29.000000
109685199,21450,2026-06-22 14:27:29.000000
109685199,21454,2026-06-22 14:27:29.000000
109685199,21456,2026-06-22 14:27:29.000000
109685199,21470,2026-06-22 14:27:29.000000
109685199,21486,2026-06-22 14:27:29.000000
109685199,21492,2026-06-22 14:27:29.000000
109685199,21632,2026-06-22 14:27:29.000000
109685199,21662,2026-06-22 14:27:29.000000
109685199,21676,2026-06-22 14:27:29.000000
109685199,21682,2026-06-22 14:27:29.000000
109685199,45523,2026-06-22 14:27:29.000000
109685199,64894,2026-06-22 14:27:29.000000
109685199,126719,2026-06-22 14:27:29.000000
109685199,126734,2026-06-22 14:27:29.000000
109685199,217446,2026-06-22 14:27:29.000000
109685199,253433,2026-06-22 14:27:29.000000
109685199,253463,2026-06-22 14:27:29.000000
109685199,253502,2026-06-22 14:27:29.000000
109685199,253505,2026-06-22 14:27:29.000000
109685199,253508,2026-06-22 14:27:29.000000
109685199,386072,2026-06-22 14:27:29.000000
109685199,395398,2026-06-22 14:27:29.000000
109685199,407623,2026-06-22 14:27:29.000000
109685199,507940,2026-06-22 14:27:29.000000
109685199,515432,2026-06-22 14:27:29.000000
110005720,21256,2026-06-22 14:27:34.000000
110005720,21317,2026-06-22 14:27:34.000000
110005720,21694,2026-06-22 14:27:34.000000
110005720,451496,2026-06-22 14:27:34.000000
110123977,21244,2026-06-22 14:27:40.000000
110123977,21349,2026-06-22 14:27:40.000000
110123977,21370,2026-06-22 14:27:40.000000
110123977,21541,2026-06-22 14:27:40.000000
110123977,21592,2026-06-22 14:27:40.000000
110123977,21631,2026-06-22 14:27:40.000000
110123977,28904,2026-06-22 14:27:40.000000
110123977,515852,2026-06-22 14:27:40.000000
110123977,522815,2026-06-22 14:27:40.000000
110123977,522942,2026-06-22 14:27:40.000000
110483602,21275,2026-06-22 14:27:44.000000
110483602,21296,2026-06-22 14:27:44.000000
110483602,21342,2026-06-22 14:27:44.000000
110483602,21429,2026-06-22 14:27:44.000000
110483602,21453,2026-06-22 14:27:44.000000
110483602,21471,2026-06-22 14:27:44.000000
110483602,21554,2026-06-22 14:27:44.000000
110483602,522789,2026-06-22 14:27:44.000000
110674173,21350,2026-06-22 14:27:53.000000
110674173,21449,2026-06-22 14:27:53.000000
110674173,21450,2026-06-22 14:27:53.000000
110674173,21454,2026-06-22 14:27:53.000000
110674173,21456,2026-06-22 14:27:53.000000
110674173,21470,2026-06-22 14:27:53.000000
110674173,21486,2026-06-22 14:27:53.000000
110674173,21492,2026-06-22 14:27:53.000000
110674173,21632,2026-06-22 14:27:53.000000
110674173,21662,2026-06-22 14:27:53.000000
110674173,21676,2026-06-22 14:27:53.000000
110674173,21682,2026-06-22 14:27:53.000000
110674173,45523,2026-06-22 14:27:53.000000
110674173,64894,2026-06-22 14:27:53.000000
110674173,126719,2026-06-22 14:27:53.000000
110674173,126734,2026-06-22 14:27:53.000000
110674173,217446,2026-06-22 14:27:53.000000
110674173,253433,2026-06-22 14:27:53.000000
110674173,253463,2026-06-22 14:27:53.000000
110674173,253502,2026-06-22 14:27:53.000000
110674173,253505,2026-06-22 14:27:53.000000
110674173,253508,2026-06-22 14:27:53.000000
110674173,386072,2026-06-22 14:27:53.000000
110674173,395398,2026-06-22 14:27:53.000000
110674173,407623,2026-06-22 14:27:53.000000
110674173,435173,2026-06-22 14:27:53.000000
110674173,507940,2026-06-22 14:27:53.000000
110674173,515432,2026-06-22 14:27:53.000000
110675322,21277,2026-06-22 14:28:01.000000
110675322,21350,2026-06-22 14:28:01.000000
110675322,21449,2026-06-22 14:28:01.000000
110675322,21450,2026-06-22 14:28:01.000000
110675322,21454,2026-06-22 14:28:01.000000
110675322,21456,2026-06-22 14:28:01.000000
110675322,21470,2026-06-22 14:28:01.000000
110675322,21486,2026-06-22 14:28:01.000000
110675322,21492,2026-06-22 14:28:01.000000
110675322,21632,2026-06-22 14:28:01.000000
110675322,21662,2026-06-22 14:28:01.000000
110675322,21676,2026-06-22 14:28:01.000000
110675322,21682,2026-06-22 14:28:01.000000
110675322,45523,2026-06-22 14:28:01.000000
110675322,126719,2026-06-22 14:28:01.000000
110675322,126734,2026-06-22 14:28:01.000000
110675322,217446,2026-06-22 14:28:01.000000
110675322,253433,2026-06-22 14:28:01.000000
110675322,253463,2026-06-22 14:28:01.000000
110675322,253502,2026-06-22 14:28:01.000000
110675322,253505,2026-06-22 14:28:01.000000
110675322,253508,2026-06-22 14:28:01.000000
110675322,386072,2026-06-22 14:28:01.000000
110675322,395398,2026-06-22 14:28:01.000000
110675322,407623,2026-06-22 14:28:01.000000
110675322,435173,2026-06-22 14:28:01.000000
110675322,507940,2026-06-22 14:28:01.000000
110675322,515432,2026-06-22 14:28:01.000000
111218931,21364,2026-06-22 14:28:18.000000
111218931,21457,2026-06-22 14:28:18.000000
111218931,21572,2026-06-22 14:28:18.000000
111218931,126710,2026-06-22 14:28:18.000000
111218931,398418,2026-06-22 14:28:18.000000
112336908,21232,2026-06-22 14:28:32.000000
112336908,21273,2026-06-22 14:28:32.000000
112336908,21358,2026-06-22 14:28:32.000000
112336908,21616,2026-06-22 14:28:32.000000
112336908,21691,2026-06-22 14:28:32.000000
112336908,21698,2026-06-22 14:28:32.000000
112336908,126767,2026-06-22 14:28:32.000000
112336908,253487,2026-06-22 14:28:32.000000
112336908,522664,2026-06-22 14:28:32.000000
112336908,522833,2026-06-22 14:28:32.000000
112336908,522839,2026-06-22 14:28:32.000000
112634730,21350,2026-06-22 14:28:40.000000
112634730,21449,2026-06-22 14:28:40.000000
112634730,21450,2026-06-22 14:28:40.000000
112634730,21454,2026-06-22 14:28:40.000000
112634730,21456,2026-06-22 14:28:40.000000
112634730,21470,2026-06-22 14:28:40.000000
112634730,21486,2026-06-22 14:28:40.000000
112634730,21492,2026-06-22 14:28:40.000000
112634730,21632,2026-06-22 14:28:40.000000
112634730,21662,2026-06-22 14:28:40.000000
112634730,21676,2026-06-22 14:28:40.000000
112634730,21682,2026-06-22 14:28:40.000000
112634730,45523,2026-06-22 14:28:40.000000
112634730,64894,2026-06-22 14:28:40.000000
112634730,126719,2026-06-22 14:28:40.000000
112634730,126734,2026-06-22 14:28:40.000000
112634730,217446,2026-06-22 14:28:40.000000
112634730,253433,2026-06-22 14:28:40.000000
112634730,253463,2026-06-22 14:28:40.000000
112634730,253502,2026-06-22 14:28:40.000000
112634730,253505,2026-06-22 14:28:40.000000
112634730,253508,2026-06-22 14:28:40.000000
112634730,386072,2026-06-22 14:28:40.000000
112634730,395398,2026-06-22 14:28:40.000000
112634730,407623,2026-06-22 14:28:40.000000
112634730,435173,2026-06-22 14:28:40.000000
112634730,507940,2026-06-22 14:28:40.000000
112634730,515432,2026-06-22 14:28:40.000000
112691949,21423,2026-06-22 14:28:48.000000
112691949,21525,2026-06-22 14:28:48.000000
112691949,70146,2026-06-22 14:28:48.000000
112691949,126539,2026-06-22 14:28:48.000000
112691949,126650,2026-06-22 14:28:48.000000
112691949,126665,2026-06-22 14:28:48.000000
112691949,506166,2026-06-22 14:28:48.000000
112794330,21277,2026-06-22 14:29:05.000000
112794330,21323,2026-06-22 14:29:05.000000
112794330,21350,2026-06-22 14:29:05.000000
112794330,21367,2026-06-22 14:29:05.000000
112794330,21406,2026-06-22 14:29:05.000000
112794330,21450,2026-06-22 14:29:05.000000
112794330,21454,2026-06-22 14:29:05.000000
112794330,21492,2026-06-22 14:29:05.000000
112794330,21526,2026-06-22 14:29:05.000000
112794330,21590,2026-06-22 14:29:05.000000
112794330,21616,2026-06-22 14:29:05.000000
112794330,21691,2026-06-22 14:29:05.000000
112794330,45523,2026-06-22 14:29:05.000000
112794330,64894,2026-06-22 14:29:05.000000
112794330,126719,2026-06-22 14:29:05.000000
112794330,126734,2026-06-22 14:29:05.000000
112794330,217446,2026-06-22 14:29:05.000000
112794330,253433,2026-06-22 14:29:05.000000
112794330,253487,2026-06-22 14:29:05.000000
112794330,386072,2026-06-22 14:29:05.000000
112794330,435173,2026-06-22 14:29:05.000000
112794330,507537,2026-06-22 14:29:05.000000
112794330,522830,2026-06-22 14:29:05.000000
113141527,21232,2026-06-22 14:29:23.000000
113141527,21273,2026-06-22 14:29:23.000000
113141527,21353,2026-06-22 14:29:23.000000
113141527,21579,2026-06-22 14:29:23.000000
113141527,21696,2026-06-22 14:29:23.000000
113141527,21698,2026-06-22 14:29:23.000000
113141527,21700,2026-06-22 14:29:23.000000
113141527,126767,2026-06-22 14:29:23.000000
113141527,253439,2026-06-22 14:29:23.000000
113141527,253487,2026-06-22 14:29:23.000000
113141527,395335,2026-06-22 14:29:23.000000
113141527,515428,2026-06-22 14:29:23.000000
113141527,522839,2026-06-22 14:29:23.000000
113195134,21277,2026-06-22 14:29:30.000000
113195134,21350,2026-06-22 14:29:30.000000
113195134,21449,2026-06-22 14:29:30.000000
113195134,21450,2026-06-22 14:29:30.000000
113195134,21454,2026-06-22 14:29:30.000000
113195134,21456,2026-06-22 14:29:30.000000
113195134,21470,2026-06-22 14:29:30.000000
113195134,21486,2026-06-22 14:29:30.000000
113195134,21492,2026-06-22 14:29:30.000000
113195134,21632,2026-06-22 14:29:30.000000
113195134,21662,2026-06-22 14:29:30.000000
113195134,21676,2026-06-22 14:29:30.000000
113195134,21682,2026-06-22 14:29:30.000000
113195134,45523,2026-06-22 14:29:30.000000
113195134,126719,2026-06-22 14:29:30.000000
113195134,126734,2026-06-22 14:29:30.000000
113195134,217446,2026-06-22 14:29:30.000000
113195134,253433,2026-06-22 14:29:30.000000
113195134,253463,2026-06-22 14:29:30.000000
113195134,253502,2026-06-22 14:29:30.000000
113195134,253505,2026-06-22 14:29:30.000000
113195134,253508,2026-06-22 14:29:30.000000
113195134,386072,2026-06-22 14:29:30.000000
113195134,395398,2026-06-22 14:29:30.000000
113195134,407623,2026-06-22 14:29:30.000000
113195134,435173,2026-06-22 14:29:30.000000
113195134,507940,2026-06-22 14:29:30.000000
113195134,515432,2026-06-22 14:29:30.000000
113195680,21350,2026-06-22 14:29:38.000000
113195680,21449,2026-06-22 14:29:38.000000
113195680,21450,2026-06-22 14:29:38.000000
113195680,21454,2026-06-22 14:29:38.000000
113195680,21456,2026-06-22 14:29:38.000000
113195680,21470,2026-06-22 14:29:38.000000
113195680,21486,2026-06-22 14:29:38.000000
113195680,21492,2026-06-22 14:29:38.000000
113195680,21632,2026-06-22 14:29:38.000000
113195680,21662,2026-06-22 14:29:38.000000
113195680,21676,2026-06-22 14:29:38.000000
113195680,21682,2026-06-22 14:29:38.000000
113195680,45523,2026-06-22 14:29:38.000000
113195680,126719,2026-06-22 14:29:38.000000
113195680,126734,2026-06-22 14:29:38.000000
113195680,217446,2026-06-22 14:29:38.000000
113195680,253433,2026-06-22 14:29:38.000000
113195680,253463,2026-06-22 14:29:38.000000
113195680,253502,2026-06-22 14:29:38.000000
113195680,253505,2026-06-22 14:29:38.000000
113195680,253508,2026-06-22 14:29:38.000000
113195680,386072,2026-06-22 14:29:38.000000
113195680,395398,2026-06-22 14:29:38.000000
113195680,407623,2026-06-22 14:29:38.000000
113195680,435173,2026-06-22 14:29:38.000000
113195680,507940,2026-06-22 14:29:38.000000
113195680,515432,2026-06-22 14:29:38.000000
113352516,21277,2026-06-22 14:29:51.000000
113352516,21283,2026-06-22 14:29:51.000000
113352516,21311,2026-06-22 14:29:51.000000
113352516,21333,2026-06-22 14:29:51.000000
113352516,21350,2026-06-22 14:29:51.000000
113352516,21358,2026-06-22 14:29:51.000000
113352516,21406,2026-06-22 14:29:51.000000
113352516,21449,2026-06-22 14:29:51.000000
113352516,21450,2026-06-22 14:29:51.000000
113352516,21470,2026-06-22 14:29:51.000000
113352516,21486,2026-06-22 14:29:51.000000
113352516,21492,2026-06-22 14:29:51.000000
113352516,21526,2026-06-22 14:29:51.000000
113352516,21662,2026-06-22 14:29:51.000000
113352516,45523,2026-06-22 14:29:51.000000
113352516,126734,2026-06-22 14:29:51.000000
113352516,253433,2026-06-22 14:29:51.000000
113352516,253463,2026-06-22 14:29:51.000000
113352516,253508,2026-06-22 14:29:51.000000
113352516,507537,2026-06-22 14:29:51.000000
113352516,507940,2026-06-22 14:29:51.000000
113352516,515323,2026-06-22 14:29:51.000000
113352516,515432,2026-06-22 14:29:51.000000
113352516,522830,2026-06-22 14:29:51.000000
113499390,21256,2026-06-22 14:29:56.000000
113499390,21317,2026-06-22 14:29:56.000000
113499390,21469,2026-06-22 14:29:56.000000
113499390,21671,2026-06-22 14:29:56.000000
113499390,21694,2026-06-22 14:29:56.000000
113499390,451496,2026-06-22 14:29:56.000000
113530413,21268,2026-06-22 14:30:15.000000
113530413,21441,2026-06-22 14:30:15.000000
113530413,21460,2026-06-22 14:30:15.000000
113530413,21463,2026-06-22 14:30:15.000000
113530413,21505,2026-06-22 14:30:15.000000
113530413,21582,2026-06-22 14:30:15.000000
113530413,126656,2026-06-22 14:30:15.000000
113530413,126680,2026-06-22 14:30:15.000000
113530413,126695,2026-06-22 14:30:15.000000
113530413,126722,2026-06-22 14:30:15.000000
113530413,398418,2026-06-22 14:30:15.000000
113530413,522708,2026-06-22 14:30:15.000000
113714442,21232,2026-06-22 14:30:29.000000
113714442,21273,2026-06-22 14:30:29.000000
113714442,21579,2026-06-22 14:30:29.000000
113714442,21616,2026-06-22 14:30:29.000000
113714442,21691,2026-06-22 14:30:29.000000
113714442,21696,2026-06-22 14:30:29.000000
113714442,21698,2026-06-22 14:30:29.000000
113714442,126767,2026-06-22 14:30:29.000000
113714442,253487,2026-06-22 14:30:29.000000
113714442,395335,2026-06-22 14:30:29.000000
113714442,522664,2026-06-22 14:30:29.000000
113714442,522839,2026-06-22 14:30:29.000000
114086850,21349,2026-06-22 14:30:59.000000
114086850,21592,2026-06-22 14:30:59.000000
114086850,515356,2026-06-22 14:30:59.000000
114341142,21277,2026-06-22 14:31:13.000000
114341142,21350,2026-06-22 14:31:13.000000
114341142,21449,2026-06-22 14:31:13.000000
114341142,21450,2026-06-22 14:31:13.000000
114341142,21454,2026-06-22 14:31:13.000000
114341142,21456,2026-06-22 14:31:13.000000
114341142,21470,2026-06-22 14:31:13.000000
114341142,21486,2026-06-22 14:31:13.000000
114341142,21492,2026-06-22 14:31:13.000000
114341142,21632,2026-06-22 14:31:13.000000
114341142,21662,2026-06-22 14:31:13.000000
114341142,21676,2026-06-22 14:31:13.000000
114341142,21682,2026-06-22 14:31:13.000000
114341142,45523,2026-06-22 14:31:13.000000
114341142,126719,2026-06-22 14:31:13.000000
114341142,126734,2026-06-22 14:31:13.000000
114341142,217446,2026-06-22 14:31:13.000000
114341142,253433,2026-06-22 14:31:13.000000
114341142,253463,2026-06-22 14:31:13.000000
114341142,253502,2026-06-22 14:31:13.000000
114341142,253505,2026-06-22 14:31:13.000000
114341142,253508,2026-06-22 14:31:13.000000
114341142,386072,2026-06-22 14:31:13.000000
114341142,395398,2026-06-22 14:31:13.000000
114341142,407623,2026-06-22 14:31:13.000000
114341142,435173,2026-06-22 14:31:13.000000
114341142,507940,2026-06-22 14:31:13.000000
114341142,515432,2026-06-22 14:31:13.000000
114421185,21277,2026-06-22 14:31:25.000000
114421185,21350,2026-06-22 14:31:25.000000
114421185,21449,2026-06-22 14:31:25.000000
114421185,21450,2026-06-22 14:31:25.000000
114421185,21454,2026-06-22 14:31:25.000000
114421185,21456,2026-06-22 14:31:25.000000
114421185,21470,2026-06-22 14:31:25.000000
114421185,21486,2026-06-22 14:31:25.000000
114421185,21492,2026-06-22 14:31:25.000000
114421185,21632,2026-06-22 14:31:25.000000
114421185,21662,2026-06-22 14:31:25.000000
114421185,21676,2026-06-22 14:31:25.000000
114421185,21682,2026-06-22 14:31:25.000000
114421185,45523,2026-06-22 14:31:25.000000
114421185,126719,2026-06-22 14:31:25.000000
114421185,126734,2026-06-22 14:31:25.000000
114421185,217446,2026-06-22 14:31:25.000000
114421185,253433,2026-06-22 14:31:25.000000
114421185,253463,2026-06-22 14:31:25.000000
114421185,253502,2026-06-22 14:31:25.000000
114421185,253505,2026-06-22 14:31:25.000000
114421185,253508,2026-06-22 14:31:25.000000
114421185,386072,2026-06-22 14:31:25.000000
114421185,395398,2026-06-22 14:31:25.000000
114421185,407623,2026-06-22 14:31:25.000000
114421185,435173,2026-06-22 14:31:25.000000
114421185,507940,2026-06-22 14:31:25.000000
114421185,515432,2026-06-22 14:31:25.000000
114487782,21277,2026-06-22 14:31:34.000000
114487782,21350,2026-06-22 14:31:34.000000
114487782,21449,2026-06-22 14:31:34.000000
114487782,21450,2026-06-22 14:31:34.000000
114487782,21454,2026-06-22 14:31:34.000000
114487782,21456,2026-06-22 14:31:34.000000
114487782,21470,2026-06-22 14:31:34.000000
114487782,21486,2026-06-22 14:31:34.000000
114487782,21492,2026-06-22 14:31:34.000000
114487782,21632,2026-06-22 14:31:34.000000
114487782,21662,2026-06-22 14:31:34.000000
114487782,21676,2026-06-22 14:31:34.000000
114487782,21682,2026-06-22 14:31:34.000000
114487782,45523,2026-06-22 14:31:34.000000
114487782,126719,2026-06-22 14:31:34.000000
114487782,126734,2026-06-22 14:31:34.000000
114487782,217446,2026-06-22 14:31:34.000000
114487782,253433,2026-06-22 14:31:34.000000
114487782,253463,2026-06-22 14:31:34.000000
114487782,253502,2026-06-22 14:31:34.000000
114487782,253505,2026-06-22 14:31:34.000000
114487782,253508,2026-06-22 14:31:34.000000
114487782,386072,2026-06-22 14:31:34.000000
114487782,395398,2026-06-22 14:31:34.000000
114487782,407623,2026-06-22 14:31:34.000000
114487782,435173,2026-06-22 14:31:34.000000
114487782,507940,2026-06-22 14:31:34.000000
114487782,515432,2026-06-22 14:31:34.000000
114623874,21235,2026-06-22 14:31:40.000000
114623874,21317,2026-06-22 14:31:40.000000
114623874,21469,2026-06-22 14:31:40.000000
114623874,21555,2026-06-22 14:31:40.000000
114623874,21671,2026-06-22 14:31:40.000000
114623874,21694,2026-06-22 14:31:40.000000
114623874,451496,2026-06-22 14:31:40.000000
114623874,522783,2026-06-22 14:31:40.000000
115132675,21277,2026-06-22 14:31:46.000000
115132675,21350,2026-06-22 14:31:46.000000
115132675,21449,2026-06-22 14:31:46.000000
115132675,21450,2026-06-22 14:31:46.000000
115132675,21454,2026-06-22 14:31:46.000000
115132675,21456,2026-06-22 14:31:46.000000
115132675,21470,2026-06-22 14:31:46.000000
115132675,21486,2026-06-22 14:31:46.000000
115132675,21492,2026-06-22 14:31:46.000000
115132675,21632,2026-06-22 14:31:46.000000
115132675,21662,2026-06-22 14:31:46.000000
115132675,21676,2026-06-22 14:31:46.000000
115132675,21682,2026-06-22 14:31:46.000000
115132675,45523,2026-06-22 14:31:46.000000
115132675,126719,2026-06-22 14:31:46.000000
115132675,126734,2026-06-22 14:31:46.000000
115132675,217446,2026-06-22 14:31:46.000000
115132675,253433,2026-06-22 14:31:46.000000
115132675,253463,2026-06-22 14:31:46.000000
115132675,253502,2026-06-22 14:31:46.000000
115132675,253505,2026-06-22 14:31:46.000000
115132675,253508,2026-06-22 14:31:46.000000
115132675,386072,2026-06-22 14:31:46.000000
115132675,395398,2026-06-22 14:31:46.000000
115132675,407623,2026-06-22 14:31:46.000000
115132675,435173,2026-06-22 14:31:46.000000
115132675,507940,2026-06-22 14:31:46.000000
115132675,515432,2026-06-22 14:31:46.000000
115132747,21350,2026-06-22 14:31:55.000000
115132747,21449,2026-06-22 14:31:55.000000
115132747,21450,2026-06-22 14:31:55.000000
115132747,21454,2026-06-22 14:31:55.000000
115132747,21456,2026-06-22 14:31:55.000000
115132747,21470,2026-06-22 14:31:55.000000
115132747,21486,2026-06-22 14:31:55.000000
115132747,21492,2026-06-22 14:31:55.000000
115132747,21632,2026-06-22 14:31:55.000000
115132747,21662,2026-06-22 14:31:55.000000
115132747,21676,2026-06-22 14:31:55.000000
115132747,21682,2026-06-22 14:31:55.000000
115132747,45523,2026-06-22 14:31:55.000000
115132747,126719,2026-06-22 14:31:55.000000
115132747,126734,2026-06-22 14:31:55.000000
115132747,217446,2026-06-22 14:31:55.000000
115132747,253433,2026-06-22 14:31:55.000000
115132747,253463,2026-06-22 14:31:55.000000
115132747,253502,2026-06-22 14:31:55.000000
115132747,253505,2026-06-22 14:31:55.000000
115132747,253508,2026-06-22 14:31:55.000000
115132747,386072,2026-06-22 14:31:55.000000
115132747,395398,2026-06-22 14:31:55.000000
115132747,407623,2026-06-22 14:31:55.000000
115132747,435173,2026-06-22 14:31:55.000000
115132747,507940,2026-06-22 14:31:55.000000
115132747,515432,2026-06-22 14:31:55.000000
115259752,21277,2026-06-22 14:32:07.000000
115259752,21350,2026-06-22 14:32:07.000000
115259752,21449,2026-06-22 14:32:07.000000
115259752,21450,2026-06-22 14:32:07.000000
115259752,21454,2026-06-22 14:32:07.000000
115259752,21456,2026-06-22 14:32:07.000000
115259752,21470,2026-06-22 14:32:07.000000
115259752,21486,2026-06-22 14:32:07.000000
115259752,21492,2026-06-22 14:32:07.000000
115259752,21632,2026-06-22 14:32:07.000000
115259752,21662,2026-06-22 14:32:07.000000
115259752,21676,2026-06-22 14:32:07.000000
115259752,21682,2026-06-22 14:32:07.000000
115259752,45523,2026-06-22 14:32:07.000000
115259752,126719,2026-06-22 14:32:07.000000
115259752,126734,2026-06-22 14:32:07.000000
115259752,217446,2026-06-22 14:32:07.000000
115259752,253433,2026-06-22 14:32:07.000000
115259752,253463,2026-06-22 14:32:07.000000
115259752,253502,2026-06-22 14:32:07.000000
115259752,253505,2026-06-22 14:32:07.000000
115259752,253508,2026-06-22 14:32:07.000000
115259752,386072,2026-06-22 14:32:07.000000
115259752,395398,2026-06-22 14:32:07.000000
115259752,407623,2026-06-22 14:32:07.000000
115259752,435173,2026-06-22 14:32:07.000000
115259752,507940,2026-06-22 14:32:07.000000
115259752,515432,2026-06-22 14:32:07.000000
115432687,21256,2026-06-22 14:32:15.000000
115432687,21469,2026-06-22 14:32:15.000000
115432687,21671,2026-06-22 14:32:15.000000
115432687,21694,2026-06-22 14:32:15.000000
115432687,451496,2026-06-22 14:32:15.000000
115432687,522783,2026-06-22 14:32:15.000000
115841050,21277,2026-06-22 14:32:25.000000
115841050,21350,2026-06-22 14:32:25.000000
115841050,21449,2026-06-22 14:32:25.000000
115841050,21450,2026-06-22 14:32:25.000000
115841050,21454,2026-06-22 14:32:25.000000
115841050,21456,2026-06-22 14:32:25.000000
115841050,21470,2026-06-22 14:32:25.000000
115841050,21486,2026-06-22 14:32:25.000000
115841050,21492,2026-06-22 14:32:25.000000
115841050,21632,2026-06-22 14:32:25.000000
115841050,21662,2026-06-22 14:32:25.000000
115841050,21676,2026-06-22 14:32:25.000000
115841050,21682,2026-06-22 14:32:25.000000
115841050,45523,2026-06-22 14:32:25.000000
115841050,126719,2026-06-22 14:32:25.000000
115841050,126734,2026-06-22 14:32:25.000000
115841050,217446,2026-06-22 14:32:25.000000
115841050,253433,2026-06-22 14:32:25.000000
115841050,253463,2026-06-22 14:32:25.000000
115841050,253502,2026-06-22 14:32:25.000000
115841050,253505,2026-06-22 14:32:25.000000
115841050,253508,2026-06-22 14:32:25.000000
115841050,386072,2026-06-22 14:32:25.000000
115841050,395398,2026-06-22 14:32:25.000000
115841050,407623,2026-06-22 14:32:25.000000
115841050,435173,2026-06-22 14:32:25.000000
115841050,507940,2026-06-22 14:32:25.000000
115841050,515432,2026-06-22 14:32:25.000000
115888948,21277,2026-06-22 14:32:36.000000
115888948,21323,2026-06-22 14:32:36.000000
115888948,21350,2026-06-22 14:32:36.000000
115888948,21367,2026-06-22 14:32:36.000000
115888948,21406,2026-06-22 14:32:36.000000
115888948,21450,2026-06-22 14:32:36.000000
115888948,21454,2026-06-22 14:32:36.000000
115888948,21492,2026-06-22 14:32:36.000000
115888948,21526,2026-06-22 14:32:36.000000
115888948,21590,2026-06-22 14:32:36.000000
115888948,21616,2026-06-22 14:32:36.000000
115888948,21691,2026-06-22 14:32:36.000000
115888948,45523,2026-06-22 14:32:36.000000
115888948,64894,2026-06-22 14:32:36.000000
115888948,126719,2026-06-22 14:32:36.000000
115888948,126734,2026-06-22 14:32:36.000000
115888948,217446,2026-06-22 14:32:36.000000
115888948,253433,2026-06-22 14:32:36.000000
115888948,253487,2026-06-22 14:32:36.000000
115888948,386072,2026-06-22 14:32:36.000000
115888948,435173,2026-06-22 14:32:36.000000
115888948,507537,2026-06-22 14:32:36.000000
115888948,522830,2026-06-22 14:32:36.000000
116348352,21244,2026-06-22 14:32:41.000000
116348352,21370,2026-06-22 14:32:41.000000
116348352,21541,2026-06-22 14:32:41.000000
116348352,21592,2026-06-22 14:32:41.000000
116348352,21631,2026-06-22 14:32:41.000000
116348352,253538,2026-06-22 14:32:41.000000
117056832,21651,2026-06-22 14:32:45.000000
117056832,126740,2026-06-22 14:32:45.000000
117056832,253523,2026-06-22 14:32:45.000000
117056832,390659,2026-06-22 14:32:45.000000
117056832,507615,2026-06-22 14:32:45.000000
117056832,507918,2026-06-22 14:32:45.000000
117056832,507921,2026-06-22 14:32:45.000000
117056832,512509,2026-06-22 14:32:45.000000
117056832,522912,2026-06-22 14:32:45.000000
117140214,21240,2026-06-22 14:32:51.000000
117140214,21345,2026-06-22 14:32:51.000000
117140214,21595,2026-06-22 14:32:51.000000
117140214,386071,2026-06-22 14:32:51.000000
117140214,394423,2026-06-22 14:32:51.000000
117140214,522789,2026-06-22 14:32:51.000000
117168897,21460,2026-06-22 14:32:53.000000
117168897,21463,2026-06-22 14:32:53.000000
117168897,21505,2026-06-22 14:32:53.000000
117168897,21582,2026-06-22 14:32:53.000000
117168897,126656,2026-06-22 14:32:53.000000
117168897,126680,2026-06-22 14:32:53.000000
117168897,126695,2026-06-22 14:32:53.000000
117168897,126710,2026-06-22 14:32:53.000000
117168897,522708,2026-06-22 14:32:53.000000
117215526,21277,2026-06-22 14:33:00.000000
117215526,21350,2026-06-22 14:33:00.000000
117215526,21449,2026-06-22 14:33:00.000000
117215526,21450,2026-06-22 14:33:00.000000
117215526,21454,2026-06-22 14:33:00.000000
117215526,21456,2026-06-22 14:33:00.000000
117215526,21470,2026-06-22 14:33:00.000000
117215526,21486,2026-06-22 14:33:00.000000
117215526,21492,2026-06-22 14:33:00.000000
117215526,21632,2026-06-22 14:33:00.000000
117215526,21662,2026-06-22 14:33:00.000000
117215526,21676,2026-06-22 14:33:00.000000
117215526,21682,2026-06-22 14:33:00.000000
117215526,45523,2026-06-22 14:33:00.000000
117215526,126719,2026-06-22 14:33:00.000000
117215526,126734,2026-06-22 14:33:00.000000
117215526,217446,2026-06-22 14:33:00.000000
117215526,253433,2026-06-22 14:33:00.000000
117215526,253463,2026-06-22 14:33:00.000000
117215526,253502,2026-06-22 14:33:00.000000
117215526,253505,2026-06-22 14:33:00.000000
117215526,253508,2026-06-22 14:33:00.000000
117215526,386072,2026-06-22 14:33:00.000000
117215526,395398,2026-06-22 14:33:00.000000
117215526,407623,2026-06-22 14:33:00.000000
117215526,435173,2026-06-22 14:33:00.000000
117215526,507940,2026-06-22 14:33:00.000000
117215526,515432,2026-06-22 14:33:00.000000
117243276,21350,2026-06-22 14:33:22.000000
117243276,21449,2026-06-22 14:33:22.000000
117243276,21450,2026-06-22 14:33:22.000000
117243276,21454,2026-06-22 14:33:22.000000
117243276,21456,2026-06-22 14:33:22.000000
117243276,21470,2026-06-22 14:33:22.000000
117243276,21486,2026-06-22 14:33:22.000000
117243276,21492,2026-06-22 14:33:22.000000
117243276,21632,2026-06-22 14:33:22.000000
117243276,21662,2026-06-22 14:33:22.000000
117243276,21676,2026-06-22 14:33:22.000000
117243276,21682,2026-06-22 14:33:22.000000
117243276,45523,2026-06-22 14:33:22.000000
117243276,64894,2026-06-22 14:33:22.000000
117243276,126719,2026-06-22 14:33:22.000000
117243276,126734,2026-06-22 14:33:22.000000
117243276,217446,2026-06-22 14:33:22.000000
117243276,253433,2026-06-22 14:33:22.000000
117243276,253463,2026-06-22 14:33:22.000000
117243276,253502,2026-06-22 14:33:22.000000
117243276,253505,2026-06-22 14:33:22.000000
117243276,253508,2026-06-22 14:33:22.000000
117243276,386072,2026-06-22 14:33:22.000000
117243276,395398,2026-06-22 14:33:22.000000
117243276,407623,2026-06-22 14:33:22.000000
117243276,435173,2026-06-22 14:33:22.000000
117243276,507940,2026-06-22 14:33:22.000000
117243276,515432,2026-06-22 14:33:22.000000
117249924,21283,2026-06-22 14:33:34.000000
117249924,21311,2026-06-22 14:33:34.000000
117249924,21333,2026-06-22 14:33:34.000000
117249924,21406,2026-06-22 14:33:34.000000
117249924,21449,2026-06-22 14:33:34.000000
117249924,21450,2026-06-22 14:33:34.000000
117249924,21470,2026-06-22 14:33:34.000000
117249924,21486,2026-06-22 14:33:34.000000
117249924,21492,2026-06-22 14:33:34.000000
117249924,21526,2026-06-22 14:33:34.000000
117249924,21607,2026-06-22 14:33:34.000000
117249924,21662,2026-06-22 14:33:34.000000
117249924,64894,2026-06-22 14:33:34.000000
117249924,126713,2026-06-22 14:33:34.000000
117249924,126719,2026-06-22 14:33:34.000000
117249924,253463,2026-06-22 14:33:34.000000
117249924,507537,2026-06-22 14:33:34.000000
117249924,507940,2026-06-22 14:33:34.000000
117249924,515432,2026-06-22 14:33:34.000000
117249924,522830,2026-06-22 14:33:34.000000
117296451,21277,2026-06-22 14:33:47.000000
117296451,21350,2026-06-22 14:33:47.000000
117296451,21427,2026-06-22 14:33:47.000000
117296451,21449,2026-06-22 14:33:47.000000
117296451,21450,2026-06-22 14:33:47.000000
117296451,21454,2026-06-22 14:33:47.000000
117296451,21456,2026-06-22 14:33:47.000000
117296451,21462,2026-06-22 14:33:47.000000
117296451,21470,2026-06-22 14:33:47.000000
117296451,21486,2026-06-22 14:33:47.000000
117296451,21492,2026-06-22 14:33:47.000000
117296451,21590,2026-06-22 14:33:47.000000
117296451,21632,2026-06-22 14:33:47.000000
117296451,21662,2026-06-22 14:33:47.000000
117296451,21676,2026-06-22 14:33:47.000000
117296451,21682,2026-06-22 14:33:47.000000
117296451,45523,2026-06-22 14:33:47.000000
117296451,126641,2026-06-22 14:33:47.000000
117296451,126734,2026-06-22 14:33:47.000000
117296451,217446,2026-06-22 14:33:47.000000
117296451,253433,2026-06-22 14:33:47.000000
117296451,253463,2026-06-22 14:33:47.000000
117296451,253502,2026-06-22 14:33:47.000000
117296451,253508,2026-06-22 14:33:47.000000
117296451,386072,2026-06-22 14:33:47.000000
117296451,395398,2026-06-22 14:33:47.000000
117296451,407623,2026-06-22 14:33:47.000000
117296451,435173,2026-06-22 14:33:47.000000
117296451,507940,2026-06-22 14:33:47.000000
117296451,515432,2026-06-22 14:33:47.000000
117312531,21350,2026-06-22 14:33:59.000000
117312531,21449,2026-06-22 14:33:59.000000
117312531,21450,2026-06-22 14:33:59.000000
117312531,21454,2026-06-22 14:33:59.000000
117312531,21456,2026-06-22 14:33:59.000000
117312531,21470,2026-06-22 14:33:59.000000
117312531,21486,2026-06-22 14:33:59.000000
117312531,21492,2026-06-22 14:33:59.000000
117312531,21632,2026-06-22 14:33:59.000000
117312531,21662,2026-06-22 14:33:59.000000
117312531,21676,2026-06-22 14:33:59.000000
117312531,21682,2026-06-22 14:33:59.000000
117312531,45523,2026-06-22 14:33:59.000000
117312531,126719,2026-06-22 14:33:59.000000
117312531,126734,2026-06-22 14:33:59.000000
117312531,217446,2026-06-22 14:33:59.000000
117312531,253433,2026-06-22 14:33:59.000000
117312531,253463,2026-06-22 14:33:59.000000
117312531,253502,2026-06-22 14:33:59.000000
117312531,253505,2026-06-22 14:33:59.000000
117312531,253508,2026-06-22 14:33:59.000000
117312531,386072,2026-06-22 14:33:59.000000
117312531,395398,2026-06-22 14:33:59.000000
117312531,407623,2026-06-22 14:33:59.000000
117312531,435173,2026-06-22 14:33:59.000000
117312531,507940,2026-06-22 14:33:59.000000
117312531,515432,2026-06-22 14:33:59.000000
117416922,21277,2026-06-22 14:34:17.000000
117416922,21350,2026-06-22 14:34:17.000000
117416922,21449,2026-06-22 14:34:17.000000
117416922,21450,2026-06-22 14:34:17.000000
117416922,21454,2026-06-22 14:34:17.000000
117416922,21456,2026-06-22 14:34:17.000000
117416922,21470,2026-06-22 14:34:17.000000
117416922,21486,2026-06-22 14:34:17.000000
117416922,21492,2026-06-22 14:34:17.000000
117416922,21632,2026-06-22 14:34:17.000000
117416922,21662,2026-06-22 14:34:17.000000
117416922,21676,2026-06-22 14:34:17.000000
117416922,21682,2026-06-22 14:34:17.000000
117416922,45523,2026-06-22 14:34:17.000000
117416922,126719,2026-06-22 14:34:17.000000
117416922,126734,2026-06-22 14:34:17.000000
117416922,217446,2026-06-22 14:34:17.000000
117416922,253433,2026-06-22 14:34:17.000000
117416922,253463,2026-06-22 14:34:17.000000
117416922,253502,2026-06-22 14:34:17.000000
117416922,253505,2026-06-22 14:34:17.000000
117416922,253508,2026-06-22 14:34:17.000000
117416922,386072,2026-06-22 14:34:17.000000
117416922,395398,2026-06-22 14:34:17.000000
117416922,407623,2026-06-22 14:34:17.000000
117416922,435173,2026-06-22 14:34:17.000000
117416922,507940,2026-06-22 14:34:17.000000
117416922,515432,2026-06-22 14:34:17.000000
117441252,21261,2026-06-22 14:34:28.000000
117441252,21508,2026-06-22 14:34:28.000000
117441252,21645,2026-06-22 14:34:28.000000
117441252,21705,2026-06-22 14:34:28.000000
117441252,126617,2026-06-22 14:34:28.000000
117441252,144861,2026-06-22 14:34:28.000000
117441252,253478,2026-06-22 14:34:28.000000
117441252,253523,2026-06-22 14:34:28.000000
117441252,507615,2026-06-22 14:34:28.000000
117441252,507918,2026-06-22 14:34:28.000000
117441252,507921,2026-06-22 14:34:28.000000
117441252,507936,2026-06-22 14:34:28.000000
117441252,522862,2026-06-22 14:34:28.000000
117441252,522906,2026-06-22 14:34:28.000000
117580503,21278,2026-06-22 14:34:37.000000
117580503,21427,2026-06-22 14:34:37.000000
117580503,21449,2026-06-22 14:34:37.000000
117580503,21454,2026-06-22 14:34:37.000000
117580503,21456,2026-06-22 14:34:37.000000
117580503,21458,2026-06-22 14:34:37.000000
117580503,21462,2026-06-22 14:34:37.000000
117580503,21504,2026-06-22 14:34:37.000000
117580503,21516,2026-06-22 14:34:37.000000
117580503,21596,2026-06-22 14:34:37.000000
117580503,21623,2026-06-22 14:34:37.000000
117580503,21632,2026-06-22 14:34:37.000000
117580503,21676,2026-06-22 14:34:37.000000
117580503,21682,2026-06-22 14:34:37.000000
117580503,21685,2026-06-22 14:34:37.000000
117580503,126641,2026-06-22 14:34:37.000000
117580503,217446,2026-06-22 14:34:37.000000
117580503,386072,2026-06-22 14:34:37.000000
117580503,407623,2026-06-22 14:34:37.000000
117580503,435173,2026-06-22 14:34:37.000000
117580503,480460,2026-06-22 14:34:37.000000
117580503,507393,2026-06-22 14:34:37.000000
117595752,21277,2026-06-22 14:34:47.000000
117595752,21300,2026-06-22 14:34:47.000000
117595752,21323,2026-06-22 14:34:47.000000
117595752,21350,2026-06-22 14:34:47.000000
117595752,21367,2026-06-22 14:34:47.000000
117595752,21406,2026-06-22 14:34:47.000000
117595752,21450,2026-06-22 14:34:47.000000
117595752,21454,2026-06-22 14:34:47.000000
117595752,21492,2026-06-22 14:34:47.000000
117595752,21526,2026-06-22 14:34:47.000000
117595752,21590,2026-06-22 14:34:47.000000
117595752,21616,2026-06-22 14:34:47.000000
117595752,21691,2026-06-22 14:34:47.000000
117595752,45523,2026-06-22 14:34:47.000000
117595752,49861,2026-06-22 14:34:47.000000
117595752,126719,2026-06-22 14:34:47.000000
117595752,126734,2026-06-22 14:34:47.000000
117595752,217446,2026-06-22 14:34:47.000000
117595752,253433,2026-06-22 14:34:47.000000
117595752,253487,2026-06-22 14:34:47.000000
117595752,386072,2026-06-22 14:34:47.000000
117595752,435173,2026-06-22 14:34:47.000000
117595752,507537,2026-06-22 14:34:47.000000
117595752,522830,2026-06-22 14:34:47.000000
117597909,21265,2026-06-22 14:34:54.000000
117597909,21273,2026-06-22 14:34:54.000000
117597909,21464,2026-06-22 14:34:54.000000
117597909,21671,2026-06-22 14:34:54.000000
117597909,21691,2026-06-22 14:34:54.000000
117597909,21698,2026-06-22 14:34:54.000000
117597909,21700,2026-06-22 14:34:54.000000
117597909,126698,2026-06-22 14:34:54.000000
117597909,253439,2026-06-22 14:34:54.000000
117597909,522839,2026-06-22 14:34:54.000000
117690855,21275,2026-06-22 14:34:58.000000
117690855,21296,2026-06-22 14:34:58.000000
117690855,21342,2026-06-22 14:34:58.000000
117690855,21429,2026-06-22 14:34:58.000000
117690855,21453,2026-06-22 14:34:58.000000
117690855,21554,2026-06-22 14:34:58.000000
117690855,386071,2026-06-22 14:34:58.000000
117690855,522789,2026-06-22 14:34:58.000000
117808470,253556,2026-06-22 14:35:07.000000
117854103,21277,2026-06-22 14:35:22.000000
117854103,21323,2026-06-22 14:35:22.000000
117854103,21454,2026-06-22 14:35:22.000000
117854103,21462,2026-06-22 14:35:22.000000
117854103,21504,2026-06-22 14:35:22.000000
117854103,21516,2026-06-22 14:35:22.000000
117854103,21590,2026-06-22 14:35:22.000000
117854103,21596,2026-06-22 14:35:22.000000
117854103,21623,2026-06-22 14:35:22.000000
117854103,21632,2026-06-22 14:35:22.000000
117854103,21682,2026-06-22 14:35:22.000000
117854103,126635,2026-06-22 14:35:22.000000
117854103,126641,2026-06-22 14:35:22.000000
117854103,386072,2026-06-22 14:35:22.000000
117854103,395398,2026-06-22 14:35:22.000000
117854103,407623,2026-06-22 14:35:22.000000
117854103,435173,2026-06-22 14:35:22.000000
117854103,480460,2026-06-22 14:35:22.000000
117854103,507393,2026-06-22 14:35:22.000000
117891183,21283,2026-06-22 14:35:35.000000
117891183,21311,2026-06-22 14:35:35.000000
117891183,21333,2026-06-22 14:35:35.000000
117891183,21406,2026-06-22 14:35:35.000000
117891183,21449,2026-06-22 14:35:35.000000
117891183,21450,2026-06-22 14:35:35.000000
117891183,21470,2026-06-22 14:35:35.000000
117891183,21486,2026-06-22 14:35:35.000000
117891183,21492,2026-06-22 14:35:35.000000
117891183,21526,2026-06-22 14:35:35.000000
117891183,21607,2026-06-22 14:35:35.000000
117891183,21662,2026-06-22 14:35:35.000000
117891183,126713,2026-06-22 14:35:35.000000
117891183,126719,2026-06-22 14:35:35.000000
117891183,253463,2026-06-22 14:35:35.000000
117891183,507537,2026-06-22 14:35:35.000000
117891183,507940,2026-06-22 14:35:35.000000
117891183,515432,2026-06-22 14:35:35.000000
117891183,522830,2026-06-22 14:35:35.000000
120226084,126638,2026-06-22 14:15:32.000000
120226084,522807,2026-06-22 14:15:32.000000
120303914,126638,2026-06-22 14:15:23.000000
120410810,126638,2026-06-22 14:15:41.000000
120410810,522807,2026-06-22 14:15:41.000000
120414521,126638,2026-06-22 14:15:39.000000
120414521,522807,2026-06-22 14:15:39.000000
120455618,126638,2026-06-22 14:15:37.000000
120455618,522807,2026-06-22 14:15:37.000000
120555689,126638,2026-06-22 14:15:29.000000
120555689,522807,2026-06-22 14:15:29.000000
120555842,61840,2026-06-22 14:15:26.000000
120555842,126638,2026-06-22 14:15:26.000000
120555842,522807,2026-06-22 14:15:26.000000
120686519,126638,2026-06-22 14:15:35.000000
120686519,522807,2026-06-22 14:15:35.000000
